{"stats":{"minecraft:mined":{"minecraft:vine":1,"minecraft:jungle_log":2},"minecraft:picked_up":{"minecraft:cocoa_beans":2,"minecraft:jungle_log":2},"minecraft:killed_by":{"minecraft:zombie":1},"minecraft:custom":{"minecraft:time_since_rest":20122,"minecraft:sprint_one_cm":5184,"minecraft:play_time":25417,"minecraft:deaths":1,"minecraft:damage_taken":250,"minecraft:walk_one_cm":14682,"minecraft:walk_under_water_one_cm":1494,"minecraft:jump":60,"minecraft:leave_game":2,"minecraft:walk_on_water_one_cm":4006,"minecraft:time_since_death":20097,"minecraft:climb_one_cm":282,"minecraft:total_world_time":25417,"minecraft:swim_one_cm":1705,"minecraft:interact_with_crafting_table":2,"minecraft:fall_one_cm":1581,"minecraft:fly_one_cm":8355},"minecraft:crafted":{"minecraft:crafting_table":1,"minecraft:jungle_planks":8,"minecraft:brown_dye":1},"minecraft:used":{"minecraft:crafting_table":1}},"DataVersion":3953}